{
    "mean": {
        "T2": 0.06438512355089188,
        "RH2": 0.07475273311138153,
        "TD2": 0.057380132377147675,
        "MSLP": -0.020381242036819458,
        "U10": -0.03487271070480347,
        "V10": 0.007763346191495657,
        "PWV": 0.024684248492121696,
        "MCAPE": NaN,
        "MCIN": NaN,
        "LCL": -7.329935073852539,
        "LFC": -52.522315979003906,
        "ACC_6H_PRECIP": -0.019682658836245537,
        "LN_ACC_6H_PRECIP": -0.4649406969547272,
        "BOXCOX_ACC_6H_PRECIP": -1.2039042711257935,
        "T": [
            0.02038409560918808,
            0.02775505930185318,
            0.03269128128886223,
            0.023385077714920044,
            0.015824075788259506,
            0.011727510020136833,
            0.0047332048416137695,
            0.00037861941382288933,
            -0.003738721599802375
        ],
        "U": [
            -0.03703189268708229,
            -0.021773837506771088,
            -0.02274833433330059,
            -0.03097923845052719,
            -0.045815352350473404,
            -0.06677740812301636,
            -0.0874963104724884,
            -0.09583520889282227,
            -0.10028606653213501
        ],
        "V": [
            -0.00610094889998436,
            -0.002841411391273141,
            -0.006296053528785706,
            -0.005704014096409082,
            -0.007544716354459524,
            -0.00962554756551981,
            -0.015341948717832565,
            -0.020143091678619385,
            -0.018395595252513885
        ],
        "W": [
            0.0011229519732296467,
            0.0042211017571389675,
            0.0007193406927399337,
            0.0003845117462333292,
            0.0008245595963671803,
            0.001430552452802658,
            0.0015038760611787438,
            0.001243018894456327,
            0.0006696077762171626
        ],
        "G": [
            0.39116886258125305,
            2.476360559463501,
            5.28299617767334,
            5.563000202178955,
            5.534373760223389,
            5.1448869705200195,
            5.660490989685059,
            5.34044885635376,
            4.108328819274902
        ],
        "TD": [
            0.022411784157156944,
            -0.0165383480489254,
            -0.07650569826364517,
            -0.11634272336959839,
            -0.09158024936914444,
            -0.07753527164459229,
            -0.0823456272482872,
            -0.061948101967573166,
            -0.03936350345611572
        ],
        "RH": [
            0.06626962870359421,
            -0.06704114377498627,
            -0.24337854981422424,
            -0.1546923816204071,
            -0.10370168834924698,
            -0.09422902762889862,
            -0.07535304129123688,
            -0.03661920502781868,
            -0.009500221349298954
        ],
        "PV": [
            0.00973832979798317,
            -0.0006581309717148542,
            -0.0022478129249066114,
            -0.002248934702947736,
            -0.001992888515815139,
            -0.0019237417727708817,
            -0.0012874084059149027,
            -0.0011342489160597324,
            -0.001491981209255755
        ],
        "DV": [
            -1.9425502273406892e-07,
            -1.0896817315142471e-07,
            1.0055561006083735e-07,
            8.881373503299983e-08,
            1.4872702536194993e-07,
            1.9565878517369129e-07,
            2.2350832296069711e-07,
            2.2756820783342846e-07,
            2.267551622026076e-07
        ]
    },
    "std": {
        "T2": 0.714195966720581,
        "RH2": 3.559095859527588,
        "TD2": 0.6818221807479858,
        "MSLP": 0.24972990155220032,
        "U10": 0.6844680309295654,
        "V10": 0.720545768737793,
        "PWV": 1.2272213697433472,
        "MCAPE": NaN,
        "MCIN": NaN,
        "LCL": 269.7077331542969,
        "LFC": 2322.827392578125,
        "ACC_6H_PRECIP": 2.853499174118042,
        "LN_ACC_6H_PRECIP": 1.1577991247177124,
        "BOXCOX_ACC_6H_PRECIP": 2.8768231868743896,
        "T": [
            0.379675954580307,
            0.2657754123210907,
            0.20968174934387207,
            0.1777510941028595,
            0.14975090324878693,
            0.1314094066619873,
            0.09719617664813995,
            0.0909394919872284,
            0.07394399493932724
        ],
        "U": [
            0.7566351890563965,
            0.6788678765296936,
            0.6225143671035767,
            0.574623703956604,
            0.5559506416320801,
            0.5742466449737549,
            0.585216760635376,
            0.6503205299377441,
            0.6165225505828857
        ],
        "V": [
            0.8332425951957703,
            0.6852520108222961,
            0.5834638476371765,
            0.5372576117515564,
            0.5161873698234558,
            0.5261160135269165,
            0.5080375075340271,
            0.5785940885543823,
            0.5458034873008728
        ],
        "W": [
            0.4572050869464874,
            0.44872841238975525,
            0.5073853135108948,
            0.5297327637672424,
            0.48697879910469055,
            0.40432870388031006,
            0.3183998763561249,
            0.2694978713989258,
            0.19724078476428986
        ],
        "G": [
            13.308364868164062,
            13.753894805908203,
            16.955957412719727,
            16.02159881591797,
            15.36915397644043,
            15.027042388916016,
            17.527973175048828,
            18.554534912109375,
            18.863698959350586
        ],
        "TD": [
            0.6766185760498047,
            0.8912667632102966,
            1.0806000232696533,
            1.4338464736938477,
            1.4742865562438965,
            1.3563380241394043,
            1.195469617843628,
            1.2963060140609741,
            0.9145411252975464
        ],
        "RH": [
            3.1518309116363525,
            3.4374043941497803,
            3.551800489425659,
            3.5258021354675293,
            3.6314857006073,
            3.7756636142730713,
            3.49141001701355,
            3.7116119861602783,
            3.2116281986236572
        ],
        "PV": [
            0.34910890460014343,
            0.22998583316802979,
            0.24973993003368378,
            0.26105114817619324,
            0.28966212272644043,
            0.317592591047287,
            0.2651268541812897,
            0.22584696114063263,
            0.18437646329402924
        ],
        "DV": [
            5.179139770916663e-05,
            4.341316162026487e-05,
            3.552362977643497e-05,
            3.149310214212164e-05,
            2.9965640351292677e-05,
            2.9660928703378886e-05,
            2.5904353606165387e-05,
            3.0066987164900638e-05,
            2.762643816822674e-05
        ]
    }
}