{
    "mean": {
        "T2": 295.5968695903861,
        "RH2": 80.53981316603199,
        "TD2": 18.442357518912704,
        "MSLP": 1013.2178737452913,
        "U10": -1.2645954073956605,
        "V10": -0.007613408405587873,
        "PWV": 40.85743630687742,
        "MCAPE": 891.9017094775623,
        "MCIN": 30.79930478871638,
        "LCL": 1558.5519181293048,
        "LFC": 6644.375434001913,
        "ACC_6H_PRECIP": 1.4080520094016613,
        "LN_ACC_6H_PRECIP": -4.155085741457742,
        "BOXCOX_ACC_6H_PRECIP": -9.317398244720987,
        "T": [
            291.8395975548563,
            288.48683111099064,
            281.3895521180173,
            275.53479402475045,
            267.86861723897556,
            257.7640574840792,
            243.28092222700874,
            233.55338988607528,
            221.51353975341223
        ],
        "U": [
            -1.5384258139827984,
            0.6934450134211583,
            4.95455649310959,
            7.855939062278018,
            10.324934651527148,
            12.715103089733866,
            14.631920063808503,
            15.030655055511916,
            14.653302659497681
        ],
        "V": [
            2.360538649935339,
            3.2182408108239113,
            3.4880996527846637,
            3.7930527322611804,
            3.868445160188451,
            3.990333731124692,
            4.044860942523459,
            4.028832590983315,
            4.178748173346155
        ],
        "W": [
            -0.023633550715895128,
            -0.025081015129292363,
            -0.02274589945125414,
            -0.02460789453907846,
            -0.02506259343220551,
            -0.023364877742687137,
            -0.018351961330125333,
            -0.011609636765596157,
            -0.0026201236802216566
        ],
        "G": [
            7710.544936444934,
            14806.254336817394,
            30771.69285319662,
            43152.185845535416,
            57420.54729669745,
            74290.38284628937,
            95115.04117088241,
            107577.2689287156,
            122285.33862207223
        ],
        "TD": [
            14.589168066843392,
            10.505126845464583,
            -2.2047548780326207,
            -14.020818684181293,
            -24.189375733001107,
            -34.1463052412085,
            -47.14616089475514,
            -55.155149587546106,
            -64.91793287343675
        ],
        "RH": [
            80.01089765377333,
            78.4252986510001,
            58.304555940251326,
            43.24985979454758,
            34.858554646172095,
            30.714748498539794,
            27.839365715894104,
            27.44756010926988,
            27.650744710494624
        ],
        "PV": [
            0.2049435549648149,
            0.22753400142959776,
            0.3113409425844723,
            0.3150711318267687,
            0.32761344276417204,
            0.30516247327849433,
            0.24548762441388855,
            0.22633762238921745,
            0.28724702260500745
        ],
        "DV": [
            -1.003794795295587e-06,
            1.2277605839305595e-06,
            2.7977829110909565e-07,
            2.909196580872265e-07,
            9.876378481064906e-07,
            1.4468055725501108e-06,
            2.740652224576472e-06,
            3.6987463032454238e-06,
            3.990237866379525e-06
        ]
    },
    "std": {
        "T2": 7.604735189400204,
        "RH2": 14.496588167015735,
        "TD2": 8.229461663124336,
        "MSLP": 7.777784548349449,
        "U10": 2.8270035106731903,
        "V10": 4.530224128381111,
        "PWV": 17.215451330668905,
        "MCAPE": 911.3639694474646,
        "MCIN": 49.36937527065304,
        "LCL": 1418.0675721880768,
        "LFC": 7836.041009233606,
        "ACC_6H_PRECIP": 6.020921243819591,
        "LN_ACC_6H_PRECIP": 3.274468550630762,
        "BOXCOX_ACC_6H_PRECIP": 7.17221617977488,
        "T": [
            6.567827463959704,
            5.310471016334497,
            4.056326965925722,
            3.166740493144058,
            2.861560518339224,
            2.960887658598825,
            2.589021351404611,
            2.2628102629958886,
            1.764701374773926
        ],
        "U": [
            5.645638996913285,
            5.168801496396982,
            6.1935436215870485,
            8.486499961394907,
            11.55393485745554,
            15.279496008921006,
            19.072051481460555,
            20.69793611639414,
            21.47738015582892
        ],
        "V": [
            7.306531993218877,
            5.735658189854806,
            4.648209158484656,
            4.673393517970147,
            5.346411709801812,
            6.9989072233666185,
            9.116958603867198,
            10.65883933962336,
            12.724242157168522
        ],
        "W": [
            0.5599852935612419,
            0.575805379359584,
            0.6643369259364474,
            0.6871650473332562,
            0.632534142827591,
            0.5350604921587957,
            0.4340215391842652,
            0.3700909146770919,
            0.2692520017149188
        ],
        "G": [
            490.5637374640885,
            364.0441217459309,
            249.02665143129235,
            304.94061827596425,
            399.50987234561916,
            521.0217715020897,
            677.2107797609291,
            764.3473339874065,
            842.7868550114878
        ],
        "TD": [
            8.456972378696648,
            9.795083551373162,
            11.42985450578375,
            14.52422623984373,
            14.294249939462363,
            13.017421542814908,
            10.91089110909147,
            9.666485753871184,
            7.420788301095185
        ],
        "RH": [
            17.08222436090233,
            20.866758753216033,
            28.200477970538426,
            30.647072252882047,
            30.194813003983334,
            28.064745621733483,
            24.99243571574613,
            23.47050253803067,
            20.880202571739424
        ],
        "PV": [
            0.4984209661123716,
            0.3646176643402643,
            0.39840472807701655,
            0.4255375061943579,
            0.4636324627011206,
            0.5047340148420476,
            0.4607278812784542,
            0.46671590253203543,
            0.5278345641775587
        ],
        "DV": [
            6.830156997415049e-05,
            5.7796325445223986e-05,
            4.7251881420553114e-05,
            4.220904477733412e-05,
            4.057128169527955e-05,
            4.1222675424600756e-05,
            3.654679678754522e-05,
            4.281518250181489e-05,
            4.1312305996262034e-05
        ]
    }
}